-- --------------------------------------------------------
-- 호스트:                          127.0.0.1
-- 서버 버전:                        10.3.14-MariaDB-1:10.3.14+maria~bionic - mariadb.org binary distribution
-- 서버 OS:                        debian-linux-gnu
-- HeidiSQL 버전:                  10.2.0.5599
-- --------------------------------------------------------

/*!40101 SET @OLD_CHARACTER_SET_CLIENT=@@CHARACTER_SET_CLIENT */;
/*!40101 SET NAMES utf8 */;
/*!50503 SET NAMES utf8mb4 */;
/*!40014 SET @OLD_FOREIGN_KEY_CHECKS=@@FOREIGN_KEY_CHECKS, FOREIGN_KEY_CHECKS=0 */;
/*!40101 SET @OLD_SQL_MODE=@@SQL_MODE, SQL_MODE='NO_AUTO_VALUE_ON_ZERO' */;


-- sb201 데이터베이스 구조 내보내기
CREATE DATABASE IF NOT EXISTS `sb201` /*!40100 DEFAULT CHARACTER SET utf8mb4 COLLATE utf8mb4_unicode_ci */;
USE `sb201`;

-- 테이블 sb201.adt_audit 구조 내보내기
CREATE TABLE IF NOT EXISTS `adt_audit` (
  `audit_id` bigint(20) NOT NULL AUTO_INCREMENT COMMENT 'ID',
  `member_id` bigint(20) NOT NULL COMMENT 'Member ID',
  `category` varchar(16) NOT NULL COMMENT 'Category',
  `ip` bigint(20) unsigned NOT NULL DEFAULT 0 COMMENT 'IP',
  `message` varchar(4096) DEFAULT NULL COMMENT 'Message',
  `created` datetime NOT NULL DEFAULT current_timestamp() COMMENT 'Created date',
  PRIMARY KEY (`audit_id`),
  KEY `ix_adtAudit_category_created` (`category`,`created`),
  KEY `ix_adtAudit_category_action_created` (`category`,`created`),
  KEY `ix_created` (`created`)
) ENGINE=InnoDB AUTO_INCREMENT=5231 DEFAULT CHARSET=utf8;

-- 테이블 데이터 sb201.adt_audit:~525 rows (대략적) 내보내기
/*!40000 ALTER TABLE `adt_audit` DISABLE KEYS */;
INSERT INTO `adt_audit` (`audit_id`, `member_id`, `category`, `ip`, `message`, `created`) VALUES
	(1, 1, '1', 2130706433, NULL, '2020-06-15 05:28:30'),
	(2, 1, '2', 2130706433, NULL, '2020-06-15 05:29:30'),
	(3, 1, '3', 2130706433, NULL, '2020-06-15 05:30:30'),
	(4, 1, '4', 2130706433, '', '2020-06-15 05:31:30'),
	(5, 1, '5', 2130706433, NULL, '2020-06-15 05:32:30'),
	(6, 1, '6', 2130706433, NULL, '2020-06-15 05:33:30'),
	(7, 1, '7', 2130706433, NULL, '2020-06-15 05:34:30'),
	(8, 1, '8', 2130706433, '', '2020-06-15 05:35:30'),
	(9, 1, '9', 2130706433, NULL, '2020-06-15 05:36:30'),
	(10, 1, '10', 2130706433, NULL, '2020-06-15 05:37:30'),
	(11, 1, '11', 2130706433, '{"method":"POST","parameter":{"app_username":["won"],"app_password":null},"uri":"/app-login"}', '2020-06-15 05:38:30'),
	(12, 1, '12', 2130706433, '', '2020-06-15 05:39:30'),
	(13, 1, '13', 2130706433, NULL, '2020-06-15 05:40:30'),
	(14, 1, '14', 2130706433, NULL, '2020-06-15 05:41:30'),
	(15, 1, '15', 2130706433, NULL, '2020-06-15 05:42:30'),
	(16, 1, '16', 2130706433, '{"method":"POST","parameter":{"app_username":["won"],"app_password":null},"uri":"/app-login"}', '2020-06-15 05:43:30'),
	(17, 1, '17', 2130706433, '{"method":"POST","parameter":{"app_username":["won"],"app_password":null},"uri":"/app-login"}', '2020-06-15 05:44:30'),
	(18, 1, '18', 2130706433, '{"method":"POST","parameter":{"app_username":["won"],"app_password":null},"uri":"/app-login"}', '2020-06-15 05:45:30'),
	(19, 1, '19', 2130706433, '{"method":"POST","parameter":{"app_username":["won"],"app_password":null},"uri":"/app-login"}', '2020-06-15 05:46:30'),
	(20, 1, '20', 2130706433, '', '2020-06-15 05:47:30'),
	(21, 1, '21', 2130706433, NULL, '2020-06-15 05:48:30'),
	(22, 1, '22', 2130706433, NULL, '2020-06-15 05:49:30'),
	(23, 1, '23', 2130706433, '', '2020-06-15 05:50:30'),
	(24, 1, '24', 2130706433, NULL, '2020-06-15 05:51:30'),
	(25, 1, '25', 2130706433, '', '2020-06-15 05:52:30'),
	(26, 1, '26', 2130706433, NULL, '2020-06-15 05:53:30'),
	(27, 1, '27', 2130706433, '', '2020-06-15 05:54:30'),
	(28, 1, '28', 2130706433, NULL, '2020-06-15 05:55:30'),
	(29, 1, '29', 2130706433, NULL, '2020-06-15 05:56:30'),
	(30, 1, '30', 2130706433, NULL, '2020-06-15 05:57:30'),
	(31, 1, '31', 2130706433, NULL, '2020-06-15 05:58:30'),
	(32, 1, '32', 2130706433, NULL, '2020-06-15 05:59:30'),
	(33, 1, '33', 2130706433, NULL, '2020-06-15 06:00:30'),
	(34, 1, '34', 2130706433, NULL, '2020-06-15 06:01:30'),
	(35, 1, '35', 2130706433, NULL, '2020-06-15 06:02:30'),
	(36, 1, '36', 2130706433, NULL, '2020-06-15 06:03:30'),
	(37, 1, '37', 2130706433, NULL, '2020-06-15 06:04:30'),
	(38, 1, '38', 2130706433, NULL, '2020-06-15 06:05:30'),
	(39, 1, '39', 2130706433, NULL, '2020-06-15 06:06:30'),
	(40, 1, '40', 2130706433, NULL, '2020-06-15 06:07:30'),
	(41, 1, '41', 2130706433, NULL, '2020-06-15 06:08:30'),
	(42, 1, '42', 2130706433, NULL, '2020-06-15 06:09:30'),
	(43, 1, '43', 2130706433, NULL, '2020-06-15 06:10:30'),
	(44, 1, '44', 2130706433, NULL, '2020-06-15 06:11:30'),
	(45, 1, '45', 2130706433, NULL, '2020-06-15 06:12:30'),
	(46, 1, '46', 2130706433, NULL, '2020-06-15 06:13:30'),
	(47, 1, '47', 2130706433, NULL, '2020-06-15 06:14:30'),
	(48, 1, '48', 2130706433, NULL, '2020-06-15 06:15:30'),
	(49, 1, '49', 2130706433, NULL, '2020-06-15 06:16:30'),
	(50, 1, '50', 2130706433, NULL, '2020-06-15 06:17:30'),
	(51, 1, '51', 2130706433, NULL, '2020-06-15 06:18:30'),
	(52, 1, '52', 2130706433, NULL, '2020-06-15 06:19:30'),
	(53, 1, '53', 2130706433, NULL, '2020-06-15 06:20:30'),
	(54, 1, '54', 2130706433, NULL, '2020-06-15 06:21:30'),
	(55, 1, '55', 2130706433, NULL, '2020-06-15 06:22:30'),
	(56, 1, '56', 2130706433, NULL, '2020-06-15 06:23:30'),
	(57, 1, '57', 2130706433, NULL, '2020-06-15 06:24:30'),
	(58, 1, '58', 2130706433, NULL, '2020-06-15 06:25:30'),
	(59, 1, '59', 2130706433, NULL, '2020-06-15 06:26:30'),
	(60, 1, '60', 2130706433, NULL, '2020-06-15 06:27:30'),
	(61, 1, '61', 2130706433, NULL, '2020-06-15 06:28:30'),
	(62, 1, '62', 2130706433, NULL, '2020-06-15 06:29:30'),
	(63, 1, '63', 2130706433, NULL, '2020-06-15 06:30:30'),
	(64, 1, '64', 2130706433, '', '2020-06-15 06:31:30'),
	(65, 1, '65', 2130706433, NULL, '2020-06-15 06:32:30'),
	(66, 1, '66', 2130706433, NULL, '2020-06-15 06:33:30'),
	(67, 1, '67', 2130706433, NULL, '2020-06-15 06:34:30'),
	(68, 1, '68', 2130706433, NULL, '2020-06-15 06:35:30'),
	(69, 1, '69', 2130706433, NULL, '2020-06-15 06:36:30'),
	(70, 1, '70', 2130706433, NULL, '2020-06-15 06:37:30'),
	(71, 1, '71', 2130706433, NULL, '2020-06-15 06:38:30'),
	(72, 1, '72', 2130706433, NULL, '2020-06-15 06:39:30'),
	(73, 1, '73', 2130706433, NULL, '2020-06-15 06:40:30'),
	(74, 1, '74', 2130706433, NULL, '2020-06-15 06:41:30'),
	(75, 1, '75', 2130706433, NULL, '2020-06-15 06:42:30'),
	(76, 1, '76', 2130706433, NULL, '2020-06-15 06:43:30'),
	(77, 1, '77', 2130706433, NULL, '2020-06-15 06:44:30'),
	(78, 1, '78', 2130706433, NULL, '2020-06-15 06:45:30'),
	(79, 1, '79', 2130706433, NULL, '2020-06-15 06:46:30'),
	(80, 1, '80', 2130706433, NULL, '2020-06-15 06:47:30'),
	(81, 1, '81', 2130706433, NULL, '2020-06-15 06:48:30'),
	(82, 1, '82', 2130706433, NULL, '2020-06-15 06:49:30'),
	(83, 1, '83', 2130706433, NULL, '2020-06-15 06:50:30'),
	(84, 1, '84', 2130706433, '', '2020-06-15 06:51:30'),
	(85, 1, '85', 2130706433, NULL, '2020-06-15 06:52:30'),
	(86, 1, '86', 2130706433, NULL, '2020-06-15 06:53:30'),
	(87, 1, '87', 2130706433, NULL, '2020-06-15 06:54:30'),
	(88, 1, '88', 2130706433, NULL, '2020-06-15 06:55:30'),
	(89, 1, '89', 2130706433, NULL, '2020-06-15 06:56:30'),
	(90, 1, '90', 2130706433, NULL, '2020-06-15 06:57:30'),
	(91, 1, '91', 2130706433, NULL, '2020-06-15 06:58:30'),
	(92, 1, '92', 2130706433, NULL, '2020-06-15 06:59:30'),
	(93, 1, '93', 2130706433, NULL, '2020-06-15 07:00:30'),
	(94, 1, '94', 2130706433, NULL, '2020-06-15 07:01:30'),
	(95, 1, '95', 2130706433, '', '2020-06-15 07:02:30'),
	(96, 1, '96', 2130706433, NULL, '2020-06-15 07:03:30'),
	(97, 1, '97', 2130706433, NULL, '2020-06-15 07:04:30'),
	(98, 1, '98', 2130706433, NULL, '2020-06-15 07:05:30'),
	(99, 1, '99', 2130706433, NULL, '2020-06-15 07:06:30'),
	(100, 1, '100', 2130706433, NULL, '2020-06-15 07:07:30'),
	(101, 1, '101', 2130706433, NULL, '2020-06-15 07:08:30'),
	(102, 1, '102', 2130706433, NULL, '2020-06-15 07:09:30'),
	(103, 1, '103', 2130706433, NULL, '2020-06-15 07:10:30'),
	(104, 1, '104', 2130706433, NULL, '2020-06-15 07:11:30'),
	(105, 1, '105', 2130706433, NULL, '2020-06-15 07:12:30'),
	(106, 1, '106', 2130706433, '', '2020-06-15 07:13:30'),
	(107, 1, '107', 2130706433, NULL, '2020-06-15 07:14:30'),
	(108, 1, '108', 2130706433, '', '2020-06-15 07:15:30'),
	(109, 1, '109', 2130706433, NULL, '2020-06-15 07:16:30'),
	(110, 1, '110', 2130706433, NULL, '2020-06-15 07:17:30'),
	(111, 1, '111', 2130706433, NULL, '2020-06-15 07:18:30'),
	(112, 1, '112', 2130706433, NULL, '2020-06-15 07:19:30'),
	(113, 1, '113', 2130706433, NULL, '2020-06-15 07:20:30'),
	(114, 1, '114', 2130706433, NULL, '2020-06-15 07:21:30'),
	(115, 1, '115', 2130706433, NULL, '2020-06-15 07:22:30'),
	(116, 1, '116', 2130706433, NULL, '2020-06-15 07:23:30'),
	(117, 1, '117', 2130706433, NULL, '2020-06-15 07:24:30'),
	(118, 1, '118', 2130706433, NULL, '2020-06-15 07:25:30'),
	(119, 1, '119', 2130706433, NULL, '2020-06-15 07:26:30'),
	(120, 1, '120', 2130706433, NULL, '2020-06-15 07:27:30'),
	(121, 1, '121', 2130706433, NULL, '2020-06-15 07:28:30'),
	(122, 1, '122', 2130706433, NULL, '2020-06-15 07:29:30'),
	(123, 1, '123', 2130706433, NULL, '2020-06-15 07:30:30'),
	(124, 1, '124', 2130706433, NULL, '2020-06-15 07:31:30'),
	(125, 1, '125', 2130706433, NULL, '2020-06-15 07:32:30'),
	(126, 1, '126', 2130706433, NULL, '2020-06-15 07:33:30'),
	(127, 1, '127', 2130706433, NULL, '2020-06-15 07:34:30'),
	(128, 1, '128', 2130706433, NULL, '2020-06-15 07:35:30'),
	(129, 1, '129', 2130706433, NULL, '2020-06-15 07:36:30'),
	(130, 1, '130', 2130706433, NULL, '2020-06-15 07:37:30'),
	(131, 1, '131', 2130706433, NULL, '2020-06-15 07:38:30'),
	(132, 1, '132', 2130706433, NULL, '2020-06-15 07:39:30'),
	(133, 1, '133', 2130706433, '', '2020-06-15 07:40:30'),
	(134, 1, '134', 2130706433, NULL, '2020-06-15 07:41:30'),
	(135, 1, '135', 2130706433, NULL, '2020-06-15 07:42:30'),
	(136, 1, '136', 2130706433, NULL, '2020-06-15 07:43:30'),
	(137, 1, '137', 2130706433, NULL, '2020-06-15 07:44:30'),
	(138, 1, '138', 2130706433, NULL, '2020-06-15 07:45:30'),
	(139, 1, '139', 2130706433, NULL, '2020-06-15 07:46:30'),
	(140, 1, '140', 2130706433, NULL, '2020-06-15 07:47:30'),
	(141, 1, '141', 2130706433, NULL, '2020-06-15 07:48:30'),
	(142, 1, '142', 2130706433, NULL, '2020-06-15 07:49:30'),
	(143, 1, '143', 2130706433, NULL, '2020-06-15 07:50:30'),
	(144, 1, '144', 2130706433, NULL, '2020-06-15 07:51:30'),
	(145, 1, '145', 2130706433, NULL, '2020-06-15 07:52:30'),
	(146, 1, '146', 2130706433, NULL, '2020-06-15 07:53:30'),
	(147, 1, '147', 2130706433, NULL, '2020-06-15 07:54:30'),
	(148, 1, '148', 2130706433, NULL, '2020-06-15 07:55:30'),
	(149, 1, '149', 2130706433, NULL, '2020-06-15 07:56:30'),
	(150, 1, '150', 2130706433, NULL, '2020-06-15 07:57:30'),
	(151, 1, '151', 2130706433, NULL, '2020-06-15 07:58:30'),
	(152, 1, '152', 2130706433, NULL, '2020-06-15 07:59:30'),
	(153, 1, '153', 2130706433, NULL, '2020-06-15 08:00:30'),
	(154, 1, '154', 2130706433, NULL, '2020-06-15 08:01:30'),
	(155, 1, '155', 2130706433, NULL, '2020-06-15 08:02:30'),
	(156, 1, '156', 2130706433, NULL, '2020-06-15 08:03:30'),
	(157, 1, '157', 2130706433, '', '2020-06-15 08:04:30'),
	(158, 1, '158', 2130706433, NULL, '2020-06-15 08:05:30'),
	(159, 1, '159', 2130706433, '', '2020-06-15 08:06:30'),
	(160, 1, '160', 2130706433, NULL, '2020-06-15 08:07:30'),
	(161, 1, '161', 2130706433, NULL, '2020-06-15 08:08:30'),
	(162, 1, '162', 2130706433, '', '2020-06-15 08:09:30'),
	(163, 1, '163', 2130706433, NULL, '2020-06-15 08:10:30'),
	(164, 1, '164', 2130706433, NULL, '2020-06-15 08:11:30'),
	(165, 1, '165', 2130706433, NULL, '2020-06-15 08:12:30'),
	(166, 1, '166', 2130706433, NULL, '2020-06-15 08:13:30'),
	(167, 1, '167', 2130706433, NULL, '2020-06-15 08:14:30'),
	(168, 1, '168', 2130706433, NULL, '2020-06-15 08:15:30'),
	(169, 1, '169', 2130706433, NULL, '2020-06-15 08:16:30'),
	(170, 1, '170', 2130706433, NULL, '2020-06-15 08:17:30'),
	(171, 1, '171', 2130706433, NULL, '2020-06-15 08:18:30'),
	(172, 1, '172', 2130706433, '', '2020-06-15 08:19:30'),
	(173, 1, '173', 2130706433, NULL, '2020-06-15 08:20:30'),
	(174, 1, '174', 2130706433, '', '2020-06-15 08:21:30'),
	(175, 1, '175', 2130706433, NULL, '2020-06-15 08:22:30'),
	(176, 1, '176', 2130706433, NULL, '2020-06-15 08:23:30'),
	(177, 1, '177', 2130706433, '', '2020-06-15 08:24:30'),
	(178, 1, '178', 2130706433, NULL, '2020-06-15 08:25:30'),
	(179, 1, '179', 2130706433, '', '2020-06-15 08:26:30'),
	(180, 1, '180', 2130706433, NULL, '2020-06-15 08:27:30'),
	(181, 1, '181', 2130706433, NULL, '2020-06-15 08:28:30'),
	(182, 1, '182', 2130706433, NULL, '2020-06-15 08:29:30'),
	(183, 1, '183', 2130706433, NULL, '2020-06-15 08:30:30'),
	(184, 1, '184', 2130706433, NULL, '2020-06-15 08:31:30'),
	(185, 1, '185', 2130706433, NULL, '2020-06-15 08:32:30'),
	(186, 1, '186', 2130706433, NULL, '2020-06-15 08:33:30'),
	(187, 1, '187', 2130706433, NULL, '2020-06-15 08:34:30'),
	(188, 1, '188', 2130706433, NULL, '2020-06-15 08:35:30'),
	(189, 1, '189', 2130706433, NULL, '2020-06-15 08:36:30'),
	(190, 1, '190', 2130706433, NULL, '2020-06-15 08:37:30'),
	(191, 1, '191', 2130706433, '', '2020-06-15 08:38:30'),
	(192, 1, '192', 2130706433, NULL, '2020-06-15 08:39:30'),
	(193, 1, '193', 2130706433, NULL, '2020-06-15 08:40:30'),
	(194, 1, '194', 2130706433, NULL, '2020-06-15 08:41:30'),
	(195, 1, '195', 2130706433, NULL, '2020-06-15 08:42:30'),
	(196, 1, '196', 2130706433, NULL, '2020-06-15 08:43:30'),
	(197, 1, '197', 2130706433, '', '2020-06-15 08:44:30'),
	(198, 1, '198', 2130706433, NULL, '2020-06-15 08:45:30'),
	(199, 1, '199', 2130706433, NULL, '2020-06-15 08:46:30'),
	(200, 1, '200', 2130706433, NULL, '2020-06-15 08:47:30'),
	(201, 1, '201', 2130706433, NULL, '2020-06-15 08:48:30'),
	(202, 1, '202', 2130706433, '', '2020-06-15 08:49:30'),
	(203, 1, '203', 2130706433, NULL, '2020-06-15 08:50:30'),
	(204, 1, '204', 2130706433, NULL, '2020-06-15 08:51:30'),
	(205, 1, '205', 2130706433, '', '2020-06-15 08:52:30'),
	(206, 1, '206', 2130706433, NULL, '2020-06-15 08:53:30'),
	(207, 1, '207', 2130706433, '', '2020-06-15 08:54:30'),
	(208, 1, '208', 2130706433, NULL, '2020-06-15 08:55:30'),
	(209, 1, '209', 2130706433, NULL, '2020-06-15 08:56:30'),
	(210, 1, '210', 2130706433, NULL, '2020-06-15 08:57:30'),
	(211, 1, '211', 2130706433, NULL, '2020-06-15 08:58:30'),
	(212, 1, '212', 2130706433, NULL, '2020-06-15 08:59:30'),
	(213, 1, '213', 2130706433, NULL, '2020-06-15 09:00:30'),
	(214, 1, '214', 2130706433, NULL, '2020-06-15 09:01:30'),
	(215, 1, '215', 2130706433, '', '2020-06-15 09:02:30'),
	(216, 1, '216', 2130706433, NULL, '2020-06-15 09:03:30'),
	(217, 1, '217', 2130706433, '', '2020-06-15 09:04:30'),
	(218, 1, '218', 2130706433, NULL, '2020-06-15 09:05:30'),
	(219, 1, '219', 2130706433, NULL, '2020-06-15 09:06:30'),
	(220, 1, '220', 2130706433, '', '2020-06-15 09:07:30'),
	(221, 1, '221', 2130706433, NULL, '2020-06-15 09:08:30'),
	(222, 1, '222', 2130706433, '', '2020-06-15 09:09:30'),
	(223, 1, '223', 2130706433, NULL, '2020-06-15 09:10:30'),
	(224, 1, '224', 2130706433, '', '2020-06-15 09:11:30'),
	(225, 1, '225', 2130706433, NULL, '2020-06-15 09:12:30'),
	(226, 1, '226', 2130706433, '', '2020-06-15 09:13:30'),
	(227, 1, '227', 2130706433, NULL, '2020-06-15 09:14:30'),
	(228, 1, '228', 2130706433, '', '2020-06-15 09:15:30'),
	(229, 1, '229', 2130706433, NULL, '2020-06-15 09:16:30'),
	(230, 1, '230', 2130706433, NULL, '2020-06-15 09:17:30'),
	(231, 1, '231', 2130706433, NULL, '2020-06-15 09:18:30'),
	(232, 1, '232', 2130706433, NULL, '2020-06-15 09:19:30'),
	(233, 1, '233', 2130706433, NULL, '2020-06-15 09:20:30'),
	(234, 1, '234', 2130706433, '', '2020-06-15 09:21:30'),
	(235, 1, '235', 2130706433, NULL, '2020-06-15 09:22:30'),
	(236, 1, '236', 2130706433, NULL, '2020-06-15 09:23:30'),
	(237, 1, '237', 2130706433, NULL, '2020-06-15 09:24:30'),
	(238, 1, '238', 2130706433, NULL, '2020-06-15 09:25:30'),
	(239, 1, '239', 2130706433, NULL, '2020-06-15 09:26:30'),
	(240, 1, '240', 2130706433, '', '2020-06-15 09:27:30'),
	(241, 1, '241', 2130706433, NULL, '2020-06-15 09:28:30'),
	(242, 1, '242', 2130706433, NULL, '2020-06-15 09:29:30'),
	(243, 1, '243', 2130706433, NULL, '2020-06-15 09:30:30'),
	(244, 1, '244', 2130706433, NULL, '2020-06-15 09:31:30'),
	(245, 1, '245', 2130706433, NULL, '2020-06-15 09:32:30'),
	(246, 1, '246', 2130706433, NULL, '2020-06-15 09:33:30'),
	(247, 1, '247', 2130706433, NULL, '2020-06-15 09:34:30'),
	(248, 1, '248', 2130706433, NULL, '2020-06-15 09:35:30'),
	(249, 1, '249', 2130706433, '', '2020-06-15 09:36:30'),
	(250, 1, '250', 2130706433, NULL, '2020-06-15 09:37:30'),
	(251, 1, '251', 2130706433, '', '2020-06-15 09:38:30'),
	(252, 1, '252', 2130706433, '', '2020-06-15 09:39:30'),
	(253, 1, '253', 2130706433, NULL, '2020-06-15 09:40:30'),
	(254, 1, '254', 2130706433, NULL, '2020-06-15 09:41:30'),
	(255, 1, '255', 2130706433, NULL, '2020-06-15 09:42:30'),
	(256, 1, '256', 2130706433, NULL, '2020-06-15 09:43:30'),
	(257, 1, '257', 2130706433, NULL, '2020-06-15 09:44:30'),
	(258, 1, '258', 2130706433, NULL, '2020-06-15 09:45:30'),
	(259, 1, '259', 2130706433, NULL, '2020-06-15 09:46:30'),
	(260, 1, '260', 2130706433, NULL, '2020-06-15 09:47:30'),
	(261, 1, '261', 2130706433, NULL, '2020-06-15 09:48:30'),
	(262, 1, '262', 2130706433, NULL, '2020-06-15 09:49:30'),
	(263, 1, '263', 2130706433, NULL, '2020-06-15 09:50:30'),
	(264, 1, '264', 2130706433, NULL, '2020-06-15 09:51:30'),
	(265, 1, '265', 2130706433, NULL, '2020-06-15 09:52:30'),
	(266, 1, '266', 2130706433, NULL, '2020-06-15 09:53:30'),
	(267, 1, '267', 2130706433, NULL, '2020-06-15 09:54:30'),
	(268, 1, '268', 2130706433, NULL, '2020-06-15 09:55:30'),
	(269, 1, '269', 2130706433, '', '2020-06-15 09:56:30'),
	(270, 1, '270', 2130706433, NULL, '2020-06-15 09:57:30'),
	(271, 1, '271', 2130706433, '', '2020-06-15 09:58:30'),
	(272, 1, '272', 2130706433, NULL, '2020-06-15 09:59:30'),
	(273, 1, '273', 2130706433, '', '2020-06-15 10:00:30'),
	(274, 1, '274', 2130706433, NULL, '2020-06-15 10:01:30'),
	(275, 1, '275', 2130706433, '', '2020-06-15 10:02:30'),
	(276, 1, '276', 2130706433, NULL, '2020-06-15 10:03:30'),
	(277, 1, '277', 2130706433, '', '2020-06-15 10:04:30'),
	(278, 1, '278', 2130706433, NULL, '2020-06-15 10:05:30'),
	(279, 1, '279', 2130706433, '', '2020-06-15 10:06:30'),
	(280, 1, '280', 2130706433, NULL, '2020-06-15 10:07:30'),
	(281, 1, '281', 2130706433, '', '2020-06-15 10:08:30'),
	(282, 1, '282', 2130706433, NULL, '2020-06-15 10:09:30'),
	(283, 1, '283', 2130706433, NULL, '2020-06-15 10:10:30'),
	(284, 1, '284', 2130706433, '', '2020-06-15 10:11:30'),
	(285, 1, '285', 2130706433, NULL, '2020-06-15 10:12:30'),
	(286, 1, '286', 2130706433, '', '2020-06-15 10:13:30'),
	(287, 1, '287', 2130706433, NULL, '2020-06-15 10:14:30'),
	(288, 1, '288', 2130706433, NULL, '2020-06-15 10:15:30'),
	(289, 1, '289', 2130706433, NULL, '2020-06-15 10:16:30'),
	(290, 1, '290', 2130706433, NULL, '2020-06-15 10:17:30'),
	(291, 1, '291', 2130706433, NULL, '2020-06-15 10:18:30'),
	(292, 1, '292', 2130706433, NULL, '2020-06-15 10:19:30'),
	(293, 1, '293', 2130706433, NULL, '2020-06-15 10:20:30'),
	(294, 1, '294', 2130706433, NULL, '2020-06-15 10:21:30'),
	(295, 1, '295', 2130706433, NULL, '2020-06-15 10:22:30'),
	(296, 1, '296', 2130706433, NULL, '2020-06-15 10:23:30'),
	(297, 1, '297', 2130706433, NULL, '2020-06-15 10:24:30'),
	(298, 1, '298', 2130706433, NULL, '2020-06-15 10:25:30'),
	(299, 1, '299', 2130706433, NULL, '2020-06-15 10:26:30'),
	(300, 1, '300', 2130706433, NULL, '2020-06-15 10:27:30'),
	(301, 1, '301', 2130706433, NULL, '2020-06-15 10:28:30'),
	(302, 1, '302', 2130706433, NULL, '2020-06-15 10:29:30'),
	(303, 1, '303', 2130706433, NULL, '2020-06-15 10:30:30'),
	(304, 1, '304', 2130706433, NULL, '2020-06-15 10:31:30'),
	(305, 1, '305', 2130706433, NULL, '2020-06-15 10:32:30'),
	(306, 1, '306', 2130706433, NULL, '2020-06-15 10:33:30'),
	(307, 1, '307', 2130706433, NULL, '2020-06-15 10:34:30'),
	(308, 1, '308', 2130706433, NULL, '2020-06-15 10:35:30'),
	(309, 1, '309', 2130706433, NULL, '2020-06-15 10:36:30'),
	(310, 1, '310', 2130706433, NULL, '2020-06-15 10:37:30'),
	(311, 1, '311', 2130706433, NULL, '2020-06-15 10:38:30'),
	(312, 1, '312', 2130706433, NULL, '2020-06-15 10:39:30'),
	(313, 1, '313', 2130706433, NULL, '2020-06-15 10:40:30'),
	(314, 1, '314', 2130706433, '', '2020-06-15 10:41:30'),
	(315, 1, '315', 2130706433, NULL, '2020-06-15 10:42:30'),
	(316, 1, '316', 2130706433, NULL, '2020-06-15 10:43:30'),
	(317, 1, '317', 2130706433, NULL, '2020-06-15 10:44:30'),
	(318, 1, '318', 2130706433, '', '2020-06-15 10:45:30'),
	(319, 1, '319', 2130706433, NULL, '2020-06-15 10:46:30'),
	(320, 1, '320', 2130706433, NULL, '2020-06-15 10:47:30'),
	(321, 1, '321', 2130706433, NULL, '2020-06-15 10:48:30'),
	(322, 1, '322', 2130706433, NULL, '2020-06-15 10:49:30'),
	(323, 1, '323', 2130706433, NULL, '2020-06-15 10:50:30'),
	(324, 1, '324', 2130706433, NULL, '2020-06-15 10:51:30'),
	(325, 1, '325', 2130706433, NULL, '2020-06-15 10:52:30'),
	(326, 1, '326', 2130706433, NULL, '2020-06-15 10:53:30'),
	(327, 1, '327', 2130706433, NULL, '2020-06-15 10:54:30'),
	(328, 1, '328', 2130706433, NULL, '2020-06-15 10:55:30'),
	(329, 1, '329', 2130706433, NULL, '2020-06-15 10:56:30'),
	(330, 1, '330', 2130706433, NULL, '2020-06-15 10:57:30'),
	(331, 1, '331', 2130706433, NULL, '2020-06-15 10:58:30'),
	(332, 1, '332', 2130706433, NULL, '2020-06-15 10:59:30'),
	(333, 1, '333', 2130706433, '', '2020-06-15 11:00:30'),
	(334, 1, '334', 2130706433, NULL, '2020-06-15 11:01:30'),
	(335, 1, '335', 2130706433, NULL, '2020-06-15 11:02:30'),
	(336, 1, '336', 2130706433, NULL, '2020-06-15 11:03:30'),
	(337, 1, '337', 2130706433, NULL, '2020-06-15 11:04:30'),
	(338, 1, '338', 2130706433, NULL, '2020-06-15 11:05:30'),
	(339, 1, '339', 2130706433, NULL, '2020-06-15 11:06:30'),
	(340, 1, '340', 2130706433, NULL, '2020-06-15 11:07:30'),
	(341, 1, '341', 2130706433, NULL, '2020-06-15 11:08:30'),
	(342, 1, '342', 2130706433, NULL, '2020-06-15 11:09:30'),
	(343, 1, '343', 2130706433, NULL, '2020-06-15 11:10:30'),
	(344, 1, '344', 2130706433, NULL, '2020-06-15 11:11:30'),
	(345, 1, '345', 2130706433, NULL, '2020-06-15 11:12:30'),
	(346, 1, '346', 2130706433, '', '2020-06-15 11:13:30'),
	(347, 1, '347', 2130706433, NULL, '2020-06-15 11:14:30'),
	(348, 1, '348', 2130706433, '', '2020-06-15 11:15:30'),
	(349, 1, '349', 2130706433, NULL, '2020-06-15 11:16:30'),
	(350, 1, '350', 2130706433, '', '2020-06-15 11:17:30'),
	(351, 1, '351', 2130706433, NULL, '2020-06-15 11:18:30'),
	(352, 1, '352', 2130706433, '', '2020-06-15 11:19:30'),
	(353, 1, '353', 2130706433, NULL, '2020-06-15 11:20:30'),
	(354, 1, '354', 2130706433, '', '2020-06-15 11:21:30'),
	(4977, 0, '1031', 0, '{"message":"application started"}', '2020-06-23 01:55:00'),
	(4978, 0, '1031', 0, '{"message":"application started"}', '2020-06-23 01:55:13'),
	(4979, 0, '1031', 0, '{"message":"application started"}', '2020-06-23 01:56:19'),
	(4980, 0, '1031', 0, '{"message":"application started"}', '2020-06-23 02:00:13'),
	(4981, 0, '1031', 0, '{"message":"application started"}', '2020-06-23 11:00:46'),
	(4982, 0, '1031', 0, '{"message":"application started"}', '2020-06-23 11:02:30'),
	(4983, 0, '1031', 0, '{"message":"application started"}', '2020-06-23 11:03:17'),
	(4984, 0, '1031', 0, '{"message":"application started"}', '2020-06-23 11:05:03'),
	(4985, 0, '1031', 0, '{"message":"application started"}', '2020-06-23 11:05:21'),
	(4986, 0, '1031', 0, '{"message":"application started"}', '2020-06-23 11:14:33'),
	(4987, 0, '1031', 0, 'test', '2020-06-23 11:15:39'),
	(4988, 0, '1031', 0, 'test', '2020-06-23 11:26:15'),
	(4989, 0, '1031', 0, 'test', '2020-06-23 11:28:28'),
	(4990, 0, '1031', 0, 'test', '2020-06-23 11:33:10'),
	(4991, 0, '1031', 2130706433, 'test', '2020-06-23 11:41:57'),
	(4992, 0, '1031', 2130706433, 'test', '2020-06-23 11:43:05'),
	(4993, 0, '1031', 2130706433, '{"message":"test"}', '2020-06-23 11:47:41'),
	(4994, 0, '1031', 2130706433, '{"message":"test"}', '2020-06-23 12:58:02'),
	(4995, 0, '1031', 2130706433, '{"message":"test"}', '2020-06-23 12:58:17'),
	(4996, 0, '1031', 2130706433, '{"message":"test"}', '2020-06-23 12:58:32'),
	(4997, 0, '1031', 2130706433, '{"message":"test"}', '2020-06-23 12:58:51'),
	(4998, 0, '1031', 2130706433, '{"message":"test"}', '2020-06-23 12:59:05'),
	(4999, 0, '1031', 2130706433, '{"message":"test"}', '2020-06-23 13:12:49'),
	(5000, 0, '1031', 2130706433, '{"message":"test"}', '2020-06-23 13:13:14'),
	(5001, 0, '1031', 2130706433, '{"message":"test"}', '2020-06-23 13:14:28'),
	(5002, 0, '1031', 2130706433, '{"message":"test"}', '2020-06-23 13:14:41'),
	(5003, 0, '1031', 2130706433, '{"message":"test"}', '2020-06-23 13:19:21'),
	(5004, 0, '1031', 2130706433, '{"message":"test"}', '2020-06-23 13:20:27'),
	(5005, 0, '1031', 2130706433, '{"message":"test"}', '2020-06-23 13:20:48'),
	(5006, 0, '1031', 2130706433, '{"message":"test"}', '2020-06-23 13:21:25'),
	(5007, 0, '1031', 2130706433, '{"message":"test"}', '2020-06-23 13:21:59'),
	(5008, 0, '1031', 2130706433, '{"message":"test"}', '2020-06-23 13:25:11'),
	(5009, 0, '1031', 2130706433, '{"message":"test"}', '2020-06-23 13:26:00'),
	(5010, 0, '1031', 2130706433, '{"message":"test"}', '2020-06-23 13:34:49'),
	(5011, 0, '1031', 2130706433, '{"message":"test"}', '2020-06-23 13:57:45'),
	(5012, 0, '1031', 2130706433, '{"message":"test"}', '2020-06-23 14:01:48'),
	(5013, 0, '1031', 2130706433, '{"message":"test"}', '2020-06-23 14:03:34'),
	(5014, 0, '1031', 2130706433, '{"message":"test"}', '2020-06-23 14:05:36'),
	(5015, 0, '1031', 2130706433, '{"message":"test"}', '2020-06-23 14:06:35'),
	(5016, 0, '1031', 2130706433, '{"message":"test"}', '2020-06-23 14:07:50'),
	(5017, 0, '1031', 2130706433, '{"message":"test"}', '2020-06-23 14:08:26'),
	(5018, 0, '1031', 2130706433, '{"message":"test"}', '2020-06-23 14:13:03'),
	(5019, 0, '1031', 2130706433, '{"message":"test"}', '2020-06-23 14:13:37'),
	(5020, 0, '1031', 2130706433, '{"message":"test"}', '2020-06-23 14:21:49'),
	(5021, 0, '1031', 2130706433, '{"message":"test"}', '2020-06-23 14:22:22'),
	(5022, 0, '1031', 2130706433, '{"message":"test"}', '2020-06-23 14:23:33'),
	(5023, 0, '1031', 2130706433, '{"message":"test"}', '2020-06-23 14:24:58'),
	(5024, 0, '1031', 2130706433, '{"message":"test"}', '2020-06-23 14:28:25'),
	(5025, 0, '1031', 2130706433, '{"message":"test"}', '2020-06-23 14:29:15'),
	(5026, 0, '1031', 2130706433, '{"message":"test"}', '2020-06-23 14:29:58'),
	(5027, 0, '1031', 2130706433, '{"message":"test"}', '2020-06-23 06:16:01'),
	(5028, 0, '1031', 2130706433, '{"message":"test"}', '2020-06-23 06:17:27'),
	(5029, 0, '1031', 2130706433, '{"message":"test"}', '2020-06-23 06:21:24'),
	(5030, 0, '1031', 2130706433, '{"message":"test"}', '2020-06-23 06:22:45'),
	(5031, 0, '1031', 2130706433, '{"message":"test"}', '2020-06-23 06:23:01'),
	(5032, 0, '1031', 2130706433, '{"message":"test"}', '2020-06-23 06:23:39'),
	(5033, 0, '1031', 2130706433, '{"message":"test"}', '2020-06-23 06:25:45'),
	(5034, 0, '1031', 2130706433, '{"message":"test"}', '2020-06-23 06:28:38'),
	(5035, 0, '1031', 2130706433, '{"message":"test"}', '2020-06-23 06:32:22'),
	(5036, 0, '1031', 2130706433, '{"message":"test"}', '2020-06-23 06:32:35'),
	(5037, 0, '1031', 2130706433, '{"message":"test"}', '2020-06-23 06:33:45'),
	(5038, 0, '1031', 2130706433, '{"message":"test"}', '2020-06-23 06:34:23'),
	(5039, 0, '1031', 2130706433, '{"message":"test"}', '2020-06-23 06:40:42'),
	(5040, 0, '1031', 2130706433, '{"message":"test"}', '2020-06-23 06:43:37'),
	(5041, 0, '1031', 2130706433, '{"message":"test"}', '2020-06-23 06:45:46'),
	(5042, 0, '1031', 2130706433, '{"message":"test"}', '2020-06-23 06:50:21'),
	(5043, 0, '1031', 2130706433, '{"message":"test"}', '2020-06-23 07:40:42'),
	(5044, 0, '1031', 2130706433, '{"message":"test"}', '2020-06-23 07:42:38'),
	(5045, 0, '1031', 2130706433, '{"message":"test"}', '2020-06-23 07:43:03'),
	(5046, 0, '1031', 2130706433, '{"message":"test"}', '2020-06-23 07:43:50'),
	(5047, 0, '1031', 2130706433, '{"message":"test"}', '2020-06-23 07:47:24'),
	(5048, 0, '1031', 2130706433, '{"message":"test"}', '2020-06-23 07:51:09'),
	(5049, 0, '1031', 2130706433, '{"message":"test"}', '2020-06-23 23:45:29'),
	(5050, 0, '1031', 2130706433, '{"message":"test"}', '2020-06-23 23:45:49'),
	(5051, 0, '1031', 2130706433, '{"message":"test"}', '2020-06-23 23:48:52'),
	(5052, 0, '1031', 2130706433, '{"message":"test"}', '2020-06-23 23:49:34'),
	(5053, 0, '1031', 2130706433, '{"message":"test"}', '2020-06-23 23:50:34'),
	(5054, 0, '1031', 2130706433, '{"message":"test"}', '2020-06-23 23:52:40'),
	(5055, 0, '1031', 2130706433, '{"message":"test"}', '2020-06-24 00:01:59'),
	(5056, 0, '1031', 2130706433, '{"message":"test"}', '2020-06-24 00:03:38'),
	(5057, 0, '1031', 2130706433, '{"message":"test"}', '2020-06-24 00:14:42'),
	(5058, 0, '1031', 2130706433, '{"message":"test"}', '2020-06-24 00:26:45'),
	(5059, 0, '1031', 2130706433, '{"message":"test"}', '2020-06-24 00:27:13'),
	(5060, 0, '1031', 2130706433, '{"message":"test"}', '2020-06-24 00:29:23'),
	(5061, 0, '1031', 2130706433, '{"message":"test"}', '2020-06-24 00:29:30'),
	(5062, 0, '1031', 2130706433, '{"message":"test"}', '2020-06-24 00:30:40'),
	(5063, 0, '1031', 2130706433, '{"message":"test"}', '2020-06-24 00:31:17'),
	(5064, 0, '1031', 2130706433, '{"message":"test"}', '2020-06-24 01:11:05'),
	(5065, 0, '1031', 2130706433, '{"message":"test"}', '2020-06-24 07:00:04'),
	(5066, 0, '1031', 2130706433, '{"message":"test"}', '2020-06-24 07:02:10'),
	(5067, 0, '1031', 2130706433, '{"message":"test"}', '2020-06-24 07:02:33'),
	(5068, 0, '1031', 2130706433, '{"message":"test"}', '2020-06-24 07:03:22'),
	(5069, 0, '1031', 2130706433, '{"message":"test"}', '2020-06-24 07:03:50'),
	(5070, 0, '1031', 2130706433, '{"message":"test"}', '2020-06-24 07:08:45'),
	(5071, 0, '1031', 2130706433, '{"message":"test"}', '2020-06-24 07:09:12'),
	(5072, 0, '1031', 2130706433, '{"message":"test"}', '2020-06-24 07:11:11'),
	(5073, 0, '1031', 2130706433, '{"message":"test"}', '2020-06-24 07:17:49'),
	(5074, 0, '1031', 2130706433, '{"message":"test"}', '2020-06-24 07:18:18'),
	(5075, 0, '1031', 2130706433, '{"message":"test"}', '2020-06-24 07:23:20'),
	(5076, 0, '1031', 2130706433, '{"message":"test"}', '2020-06-24 07:23:29'),
	(5077, 0, '1031', 2130706433, '{"message":"test"}', '2020-06-24 07:26:35'),
	(5078, 0, '1031', 2130706433, '{"message":"test"}', '2020-06-24 07:30:26'),
	(5079, 0, '1031', 2130706433, '{"message":"test"}', '2020-06-24 07:31:16'),
	(5080, 0, '1031', 2130706433, '{"message":"test"}', '2020-06-24 07:32:11'),
	(5081, 0, '1031', 2130706433, '{"message":"test"}', '2020-06-24 07:32:16'),
	(5082, 0, '1031', 2130706433, '{"message":"test"}', '2020-06-24 07:32:28'),
	(5083, 0, '1031', 2130706433, '{"message":"test"}', '2020-06-24 07:32:54'),
	(5084, 0, '1031', 2130706433, '{"message":"test"}', '2020-06-24 07:33:35'),
	(5085, 0, '1031', 2130706433, '{"message":"test"}', '2020-06-24 07:34:35'),
	(5086, 0, '1031', 2130706433, '{"message":"test"}', '2020-06-24 07:37:43'),
	(5087, 0, '1031', 2130706433, '{"message":"test"}', '2020-06-24 07:37:56'),
	(5088, 0, '1031', 2130706433, '{"message":"test"}', '2020-06-24 07:38:40'),
	(5089, 0, '1031', 2130706433, '{"message":"test"}', '2020-06-24 07:39:40'),
	(5090, 0, '1031', 2130706433, '{"message":"test"}', '2020-06-24 07:40:57'),
	(5091, 0, '1031', 2130706433, '{"message":"test"}', '2020-06-24 07:43:41'),
	(5092, 0, '1031', 2130706433, '{"message":"test"}', '2020-06-24 07:45:17'),
	(5093, 0, '1031', 2130706433, '{"message":"test"}', '2020-06-24 07:52:41'),
	(5094, 0, '1031', 2130706433, '{"message":"test"}', '2020-06-24 07:53:53'),
	(5095, 0, '1031', 2130706433, '{"message":"test"}', '2020-06-24 07:56:36'),
	(5096, 0, '1031', 2130706433, '{"message":"test"}', '2020-06-24 07:56:42'),
	(5097, 0, '1031', 2130706433, '{"message":"test"}', '2020-06-24 07:57:10'),
	(5098, 0, '1031', 2130706433, '{"message":"test"}', '2020-06-24 08:01:20'),
	(5099, 0, '1031', 2130706433, '{"message":"test"}', '2020-06-24 08:07:44'),
	(5100, 0, '1031', 2130706433, '{"message":"test"}', '2020-06-24 08:09:32'),
	(5101, 0, '1031', 2130706433, '{"message":"test"}', '2020-06-24 08:11:40'),
	(5102, 0, '1031', 2130706433, '{"message":"test"}', '2020-06-24 08:12:53'),
	(5103, 0, '1031', 2130706433, '{"message":"test"}', '2020-06-24 08:14:24'),
	(5104, 2, '1021', 2130706433, '{"first":"username","second":"won"}', '2020-06-24 08:14:24'),
	(5105, 2, '1021', 2130706433, '{"first":"username","second":"won"}', '2020-06-24 08:14:24'),
	(5106, 0, '1031', 2130706433, 'null', '2020-06-24 08:17:09'),
	(5107, 2, '1021', 2130706433, '{"username":"won"}', '2020-06-24 08:17:09'),
	(5108, 0, '1031', 2130706433, 'null', '2020-06-24 08:18:09'),
	(5109, 0, '1031', 2130706433, 'null', '2020-06-24 08:18:58'),
	(5110, 0, '1031', 2130706433, 'null', '2020-06-24 08:19:18'),
	(5111, 0, '1031', 2130706433, 'null', '2020-06-24 08:19:45'),
	(5112, 2, '1021', 2130706433, '{"username":"won"}', '2020-06-24 08:19:45'),
	(5113, 0, '1031', 2130706433, 'null', '2020-06-24 08:20:51'),
	(5114, 0, '1022', 2130706433, '{"username":"won"}', '2020-06-24 08:20:51'),
	(5115, 0, '1031', 2130706433, 'null', '2020-06-24 08:21:15'),
	(5116, 0, '1022', 2130706433, '{"username":"won"}', '2020-06-24 08:21:15'),
	(5117, 0, '1031', 2130706433, 'null', '2020-06-24 08:21:59'),
	(5118, 0, '1031', 2130706433, 'null', '2020-06-24 08:27:39'),
	(5119, 2, '1021', 2130706433, '{"username":"won"}', '2020-06-24 08:27:39'),
	(5120, 2, '1021', 2130706433, '{"username":"won"}', '2020-06-24 08:27:39'),
	(5121, 0, '1031', 2130706433, 'null', '2020-06-25 00:03:09'),
	(5122, 0, '1031', 2130706433, 'null', '2020-06-25 00:05:31'),
	(5123, 0, '1031', 2130706433, 'null', '2020-06-25 00:06:52'),
	(5124, 0, '1031', 2130706433, 'null', '2020-06-25 00:10:18'),
	(5125, 0, '1031', 2130706433, 'null', '2020-06-25 00:12:47'),
	(5126, 0, '1031', 2130706433, 'null', '2020-06-25 00:39:12'),
	(5127, 0, '1031', 2130706433, 'null', '2020-06-25 00:39:36'),
	(5128, 2, '1021', 2130706433, '{"username":"won"}', '2020-06-25 00:39:36'),
	(5129, 0, '1031', 2130706433, 'null', '2020-06-25 01:13:13'),
	(5130, 0, '1031', 2130706433, 'null', '2020-06-25 04:37:05'),
	(5131, 0, '1022', 2130706433, '{"username":"won"}', '2020-06-25 04:37:05'),
	(5132, 0, '1022', 2130706433, '{"username":"won"}', '2020-06-25 04:37:05'),
	(5133, 0, '1022', 2130706433, '{"username":"won"}', '2020-06-25 04:37:05'),
	(5134, 2, '1021', 2130706433, '{"username":"won"}', '2020-06-25 04:37:05'),
	(5135, 0, '1022', 2130706433, '{"username":"won"}', '2020-06-25 04:37:05'),
	(5136, 2, '1021', 2130706433, '{"username":"won"}', '2020-06-25 04:37:05'),
	(5137, 0, '1031', 2130706433, 'null', '2020-06-25 05:19:28'),
	(5138, 0, '1031', 2130706433, 'null', '2020-06-25 05:19:48'),
	(5139, 0, '1031', 2130706433, 'null', '2020-06-25 05:19:59'),
	(5140, 2, '1021', 2130706433, '{"username":"won"}', '2020-06-25 05:19:59'),
	(5141, 0, '1031', 2130706433, 'null', '2020-06-25 05:25:18'),
	(5142, 0, '1031', 2130706433, 'null', '2020-06-25 05:26:35'),
	(5143, 0, '1031', 2130706433, 'null', '2020-06-25 05:44:41'),
	(5144, 0, '1031', 2130706433, 'null', '2020-06-25 05:45:12'),
	(5145, 0, '1031', 2130706433, 'null', '2020-06-25 05:47:24'),
	(5146, 2, '1021', 2130706433, '{"username":"won"}', '2020-06-25 05:47:24'),
	(5147, 0, '1031', 2130706433, 'null', '2020-06-25 05:47:53'),
	(5148, 0, '1031', 2130706433, 'null', '2020-06-25 05:49:07'),
	(5149, 0, '1031', 2130706433, 'null', '2020-06-25 05:49:18'),
	(5150, 0, '1031', 2130706433, 'null', '2020-06-25 05:49:35'),
	(5151, 0, '1031', 2130706433, 'null', '2020-06-25 05:51:01'),
	(5152, 0, '1031', 2130706433, 'null', '2020-06-25 06:12:02'),
	(5153, 2, '1021', 2130706433, '{"username":"won"}', '2020-06-25 06:12:02'),
	(5154, 0, '1031', 2130706433, 'null', '2020-06-25 06:16:57'),
	(5155, 2, '1021', 2130706433, '{"username":"won"}', '2020-06-25 06:16:57'),
	(5156, 0, '1031', 2130706433, 'null', '2020-06-25 06:19:37'),
	(5157, 0, '1031', 2130706433, 'null', '2020-06-25 06:20:00'),
	(5158, 2, '1021', 2130706433, '{"username":"won"}', '2020-06-25 06:20:00'),
	(5159, 0, '1031', 2130706433, 'null', '2020-06-25 07:48:43'),
	(5160, 0, '1031', 2130706433, 'null', '2020-06-25 07:53:23'),
	(5161, 0, '1031', 2130706433, 'null', '2020-06-25 07:53:50'),
	(5162, 2, '1021', 2130706433, '{"username":"won"}', '2020-06-25 07:53:50'),
	(5163, 0, '1031', 2130706433, 'null', '2020-06-25 07:54:18'),
	(5164, 2, '1021', 2130706433, '{"username":"won"}', '2020-06-25 07:54:18'),
	(5165, 0, '1031', 2130706433, 'null', '2020-06-25 07:59:46'),
	(5166, 0, '1031', 2130706433, 'null', '2020-06-26 03:58:34'),
	(5167, 2, '1021', 2130706433, '{"username":"won"}', '2020-06-26 03:58:34'),
	(5168, 0, '1031', 2130706433, 'null', '2020-06-26 04:07:46'),
	(5169, 0, '1031', 2130706433, 'null', '2020-06-26 04:08:27'),
	(5170, 0, '1031', 2130706433, 'null', '2020-06-26 04:08:41'),
	(5171, 0, '1031', 2130706433, 'null', '2020-06-26 04:09:16'),
	(5172, 0, '1031', 2130706433, 'null', '2020-06-26 04:11:19'),
	(5173, 0, '1031', 2130706433, 'null', '2020-06-26 04:15:34'),
	(5174, 0, '1031', 2130706433, 'null', '2020-06-26 04:16:10'),
	(5175, 0, '1031', 2130706433, 'null', '2020-06-26 04:18:12'),
	(5176, 0, '1031', 2130706433, 'null', '2020-06-26 04:19:33'),
	(5177, 0, '1031', 2130706433, 'null', '2020-06-26 04:19:53'),
	(5178, 2, '1021', 2130706433, '{"username":"won"}', '2020-06-26 04:19:53'),
	(5179, 0, '1031', 2130706433, 'null', '2020-06-26 04:21:10'),
	(5180, 0, '1031', 2130706433, 'null', '2020-06-26 04:23:45'),
	(5181, 0, '1031', 2130706433, 'null', '2020-06-26 04:36:54'),
	(5182, 0, '1031', 2130706433, 'null', '2020-06-26 04:39:09'),
	(5183, 0, '1031', 2130706433, 'null', '2020-06-26 04:39:46'),
	(5184, 0, '1031', 2130706433, 'null', '2020-06-26 04:51:44'),
	(5185, 0, '1031', 2130706433, 'null', '2020-06-26 04:55:22'),
	(5186, 0, '1031', 2130706433, 'null', '2020-06-26 04:56:53'),
	(5187, 0, '1031', 2130706433, 'null', '2020-06-26 04:57:51'),
	(5188, 0, '1031', 2130706433, 'null', '2020-06-26 05:00:21'),
	(5189, 0, '1031', 2130706433, 'null', '2020-06-26 05:02:07'),
	(5190, 0, '1031', 2130706433, 'null', '2020-06-26 05:05:05'),
	(5191, 0, '1031', 2130706433, 'null', '2020-06-26 05:05:32'),
	(5192, 0, '1031', 2130706433, 'null', '2020-06-26 05:07:02'),
	(5193, 0, '1031', 2130706433, 'null', '2020-06-26 05:11:44'),
	(5194, 0, '1031', 2130706433, 'null', '2020-06-26 05:13:50'),
	(5195, 0, '1031', 2130706433, 'null', '2020-06-26 05:14:58'),
	(5196, 0, '1031', 2130706433, 'null', '2020-06-26 05:15:58'),
	(5197, 0, '1031', 2130706433, 'null', '2020-06-26 05:18:28'),
	(5198, 0, '1031', 2130706433, 'null', '2020-06-26 05:34:30'),
	(5199, 0, '1031', 2130706433, 'null', '2020-06-26 05:42:48'),
	(5200, 0, '1031', 2130706433, 'null', '2020-06-26 05:43:09'),
	(5201, 0, '1031', 2130706433, 'null', '2020-06-26 05:50:37'),
	(5202, 2, '1021', 2130706433, '{"username":"won"}', '2020-06-26 05:50:37'),
	(5203, 0, '1031', 2130706433, 'null', '2020-06-26 05:51:02'),
	(5204, 0, '1022', 2130706433, '{"username":"won"}', '2020-06-26 05:51:02'),
	(5205, 2, '1021', 2130706433, '{"username":"won"}', '2020-06-26 05:51:02'),
	(5206, 0, '1031', 2130706433, 'null', '2020-06-26 05:53:33'),
	(5207, 0, '1031', 2130706433, 'null', '2020-06-26 05:59:44'),
	(5208, 0, '1031', 2130706433, 'null', '2020-06-26 06:01:27'),
	(5209, 0, '1031', 2130706433, 'null', '2020-06-26 06:05:17'),
	(5210, 0, '1031', 2130706433, 'null', '2020-06-26 06:05:57'),
	(5211, 0, '1031', 2130706433, 'null', '2020-06-26 06:07:26'),
	(5212, 0, '1031', 2130706433, 'null', '2020-06-26 06:08:22'),
	(5213, 0, '1031', 2130706433, 'null', '2020-06-26 06:09:02'),
	(5214, 0, '1031', 2130706433, 'null', '2020-06-26 06:11:11'),
	(5215, 0, '1031', 2130706433, 'null', '2020-06-26 06:11:35'),
	(5216, 0, '1031', 2130706433, 'null', '2020-06-26 06:12:48'),
	(5217, 0, '1031', 2130706433, 'null', '2020-06-26 06:40:33'),
	(5218, 0, '1031', 2130706433, 'null', '2020-06-26 06:59:53'),
	(5219, 0, '1031', 2130706433, 'null', '2020-06-26 07:02:04'),
	(5220, 0, '1031', 2130706433, 'null', '2020-06-26 07:46:27'),
	(5221, 0, '1031', 2130706433, 'null', '2020-06-26 07:48:26'),
	(5222, 2, '1021', 2130706433, '{"username":"won"}', '2020-06-26 07:48:26'),
	(5223, 0, '1031', 2130706433, 'null', '2020-06-26 08:02:51'),
	(5224, 0, '1031', 2130706433, 'null', '2020-06-26 08:03:38'),
	(5225, 0, '1031', 2130706433, 'null', '2020-06-26 08:03:54'),
	(5226, 2, '1021', 2130706433, '{"username":"won"}', '2020-06-26 08:03:54'),
	(5227, 0, '1031', 2130706433, 'null', '2020-06-26 08:06:22'),
	(5228, 0, '1031', 2130706433, 'null', '2020-06-26 08:06:38'),
	(5229, 2, '1021', 2130706433, '{"username":"won"}', '2020-06-26 08:06:38'),
	(5230, 0, '1031', 2130706433, 'null', '2020-06-26 08:18:11');
/*!40000 ALTER TABLE `adt_audit` ENABLE KEYS */;

-- 테이블 sb201.ast_asset 구조 내보내기
CREATE TABLE IF NOT EXISTS `ast_asset` (
  `asset_id` bigint(20) NOT NULL AUTO_INCREMENT COMMENT 'Asset ID',
  `parent_id` bigint(20) NOT NULL COMMENT '0: Root',
  `type` int(10) unsigned NOT NULL COMMENT 'Asset type: 1:Organization, 2:Group',
  `category` int(10) unsigned NOT NULL COMMENT 'Category',
  `name` varchar(64) COLLATE utf8mb4_unicode_ci NOT NULL COMMENT 'Name',
  `code` varchar(16) COLLATE utf8mb4_unicode_ci NOT NULL COMMENT 'Code',
  `seq` int(10) unsigned NOT NULL DEFAULT 0 COMMENT 'Sequence for sorting',
  `created` datetime NOT NULL DEFAULT current_timestamp() COMMENT 'Created date',
  `updated` datetime NOT NULL DEFAULT current_timestamp() ON UPDATE current_timestamp() COMMENT 'Updated date',
  PRIMARY KEY (`asset_id`),
  KEY `ix_astAsset_assetId_code` (`asset_id`,`code`),
  KEY `ix_astAsset_type` (`type`)
) ENGINE=InnoDB DEFAULT CHARSET=utf8mb4 COLLATE=utf8mb4_unicode_ci;

-- 테이블 데이터 sb201.ast_asset:~0 rows (대략적) 내보내기
/*!40000 ALTER TABLE `ast_asset` DISABLE KEYS */;
/*!40000 ALTER TABLE `ast_asset` ENABLE KEYS */;

-- 테이블 sb201.ast_device 구조 내보내기
CREATE TABLE IF NOT EXISTS `ast_device` (
  `device_id` bigint(20) NOT NULL AUTO_INCREMENT,
  `asset_id` bigint(20) NOT NULL COMMENT 'Asset ID',
  `category` int(11) NOT NULL COMMENT '1:Server, 2:Agent, 3:Camera',
  `type` int(11) NOT NULL COMMENT '1-1:VMS, 1-2:VAS, 1-3:NVR',
  `code` bigint(20) NOT NULL DEFAULT 0 COMMENT 'Code',
  `name` varchar(64) COLLATE utf8mb4_unicode_ci NOT NULL COMMENT 'Name',
  `hostname` varchar(256) COLLATE utf8mb4_unicode_ci NOT NULL COMMENT 'Hostname',
  `port1` int(10) unsigned NOT NULL DEFAULT 0 COMMENT 'Port',
  `port2` int(10) unsigned NOT NULL DEFAULT 0 COMMENT 'Port',
  `port3` int(10) unsigned NOT NULL DEFAULT 0 COMMENT 'Port',
  `port4` int(10) unsigned NOT NULL DEFAULT 0 COMMENT 'Port',
  `manufactured_by` varchar(64) COLLATE utf8mb4_unicode_ci NOT NULL DEFAULT '' COMMENT 'Manufactured by',
  `model` varchar(64) COLLATE utf8mb4_unicode_ci NOT NULL DEFAULT '' COMMENT 'Model',
  `version` varchar(64) COLLATE utf8mb4_unicode_ci NOT NULL DEFAULT '' COMMENT 'Version',
  `firmware` varchar(64) COLLATE utf8mb4_unicode_ci NOT NULL DEFAULT '' COMMENT 'Firmware',
  `username` varchar(64) COLLATE utf8mb4_unicode_ci NOT NULL DEFAULT '' COMMENT 'Username',
  `password` varchar(64) COLLATE utf8mb4_unicode_ci NOT NULL DEFAULT '' COMMENT 'Password',
  `api_key` varchar(1024) COLLATE utf8mb4_unicode_ci NOT NULL DEFAULT '' COMMENT 'API-Key',
  `url` varchar(512) COLLATE utf8mb4_unicode_ci NOT NULL DEFAULT '' COMMENT 'URL',
  `timezone` varchar(64) COLLATE utf8mb4_unicode_ci NOT NULL DEFAULT '' COMMENT 'Timezone',
  `enabled` bit(1) NOT NULL DEFAULT b'0' COMMENT 'Enabled',
  `status` varchar(64) COLLATE utf8mb4_unicode_ci NOT NULL DEFAULT '' COMMENT 'Status',
  `created` datetime NOT NULL DEFAULT current_timestamp() COMMENT 'Created date',
  `updated` datetime NOT NULL DEFAULT current_timestamp() ON UPDATE current_timestamp() COMMENT 'Updated date',
  PRIMARY KEY (`device_id`),
  KEY `ix_astDevice_assetId` (`asset_id`)
) ENGINE=InnoDB DEFAULT CHARSET=utf8mb4 COLLATE=utf8mb4_unicode_ci;

-- 테이블 데이터 sb201.ast_device:~0 rows (대략적) 내보내기
/*!40000 ALTER TABLE `ast_device` DISABLE KEYS */;
/*!40000 ALTER TABLE `ast_device` ENABLE KEYS */;

-- 테이블 sb201.log_factory 구조 내보내기
CREATE TABLE IF NOT EXISTS `log_factory` (
  `log_id` bigint(20) NOT NULL AUTO_INCREMENT,
  `date` datetime NOT NULL,
  `factory_id` bigint(20) NOT NULL,
  `camera_id` bigint(20) NOT NULL,
  `event_type` int(11) NOT NULL,
  `origin_event_type` int(11) NOT NULL,
  `path` varchar(256) COLLATE utf8mb4_unicode_ci NOT NULL,
  `archived` int(11) NOT NULL DEFAULT 0,
  `target_id` varchar(16) COLLATE utf8mb4_unicode_ci NOT NULL,
  `meta` varchar(128) COLLATE utf8mb4_unicode_ci NOT NULL,
  `created` datetime NOT NULL DEFAULT current_timestamp(),
  PRIMARY KEY (`log_id`),
  KEY `ix_logFactory_date` (`date`),
  KEY `ix_logFactory_date_cameraId` (`date`,`camera_id`),
  KEY `ix_logFactory_date_factoryId` (`date`,`factory_id`)
) ENGINE=InnoDB DEFAULT CHARSET=utf8mb4 COLLATE=utf8mb4_unicode_ci;

-- 테이블 데이터 sb201.log_factory:~0 rows (대략적) 내보내기
/*!40000 ALTER TABLE `log_factory` DISABLE KEYS */;
/*!40000 ALTER TABLE `log_factory` ENABLE KEYS */;

-- 테이블 sb201.mbr_allowed_ip 구조 내보내기
CREATE TABLE IF NOT EXISTS `mbr_allowed_ip` (
  `network_id` bigint(20) NOT NULL AUTO_INCREMENT COMMENT 'Network ID',
  `member_id` bigint(20) NOT NULL COMMENT 'Member ID',
  `ip_cidr` varchar(19) COLLATE utf8mb4_unicode_ci NOT NULL COMMENT 'IP CIDR Notation',
  `created` datetime NOT NULL DEFAULT current_timestamp() COMMENT 'Created date',
  PRIMARY KEY (`network_id`),
  KEY `fk_mbrAllowedIp_netId` (`member_id`),
  CONSTRAINT `fk_mbrAllowedIp_netId` FOREIGN KEY (`member_id`) REFERENCES `mbr_member` (`member_id`) ON DELETE CASCADE ON UPDATE CASCADE
) ENGINE=InnoDB AUTO_INCREMENT=175 DEFAULT CHARSET=utf8mb4 COLLATE=utf8mb4_unicode_ci;

-- 테이블 데이터 sb201.mbr_allowed_ip:~24 rows (대략적) 내보내기
/*!40000 ALTER TABLE `mbr_allowed_ip` DISABLE KEYS */;
INSERT INTO `mbr_allowed_ip` (`network_id`, `member_id`, `ip_cidr`, `created`) VALUES
	(88, 241, '1.1.1.0/32', '2019-07-20 02:09:09'),
	(89, 241, '10.10.10.0/24', '2019-07-20 02:09:09'),
	(90, 241, '192.168.0.3/32', '2019-07-20 02:09:09'),
	(117, 7, '10.10.10.0/32', '2019-07-20 07:20:14'),
	(118, 7, '192.168.0.0/32', '2019-07-20 07:20:14'),
	(119, 7, '1.1.1.1/32', '2019-07-20 07:20:14'),
	(124, 245, '1.1.1.0/32', '2019-07-20 14:32:34'),
	(125, 245, '10.10.10.0/24', '2019-07-20 14:32:34'),
	(126, 245, '192.168.0.3/32', '2019-07-20 14:32:34'),
	(130, 247, '1.1.1.0/32', '2019-07-21 13:08:14'),
	(131, 247, '10.10.10.0/24', '2019-07-21 13:08:14'),
	(132, 247, '192.168.0.3/32', '2019-07-21 13:08:14'),
	(139, 250, '1.1.1.0/32', '2019-07-23 15:49:34'),
	(140, 250, '10.10.10.0/24', '2019-07-23 15:49:34'),
	(141, 250, '192.168.0.3/32', '2019-07-23 15:49:34'),
	(142, 252, '1.1.1.0/32', '2019-07-24 13:38:03'),
	(143, 252, '10.10.10.0/24', '2019-07-24 13:38:03'),
	(144, 252, '192.168.0.3/32', '2019-07-24 13:38:03'),
	(149, 253, '1.1.1.1/32', '2019-08-07 12:36:06'),
	(164, 2, '1.1.1.1/32', '2019-08-09 14:52:47'),
	(168, 254, '1.1.1.1/32', '2020-05-18 06:39:39'),
	(170, 246, '1.1.1.0/32', '2020-05-18 06:50:20'),
	(171, 246, '10.10.10.0/24', '2020-05-18 06:50:20'),
	(172, 246, '192.168.0.3/32', '2020-05-18 06:50:20'),
	(174, 261, '0.0.0.0/32', '2020-05-18 07:27:06');
/*!40000 ALTER TABLE `mbr_allowed_ip` ENABLE KEYS */;

-- 테이블 sb201.mbr_member 구조 내보내기
CREATE TABLE IF NOT EXISTS `mbr_member` (
  `member_id` bigint(20) NOT NULL AUTO_INCREMENT COMMENT 'Member ID',
  `group_id` bigint(20) NOT NULL DEFAULT 0 COMMENT 'Group ID',
  `username` varchar(32) NOT NULL COMMENT 'Username',
  `email` varchar(256) NOT NULL COMMENT 'Email',
  `name` varchar(64) NOT NULL COMMENT 'Name',
  `enabled` bit(1) NOT NULL DEFAULT b'0' COMMENT 'Enabled',
  `roles` int(11) NOT NULL DEFAULT 0 COMMENT 'Role',
  `timezone` varchar(64) NOT NULL DEFAULT '' COMMENT 'Timezone',
  `password` varchar(72) NOT NULL DEFAULT '' COMMENT 'Password',
  `login_count` int(11) unsigned NOT NULL DEFAULT 0 COMMENT 'Login count',
  `failed_login_count` int(11) unsigned NOT NULL DEFAULT 0 COMMENT 'Failed login count',
  `last_success_login` datetime NOT NULL DEFAULT '1970-01-01 00:00:00' COMMENT 'Last success login',
  `last_failed_login` datetime NOT NULL DEFAULT '1970-01-01 00:00:00' COMMENT 'Last failed login',
  `last_read_message` int(11) unsigned NOT NULL DEFAULT 0 COMMENT 'Last read message',
  `last_password_change` datetime DEFAULT current_timestamp() COMMENT 'Last password change',
  `session_id` varchar(64) NOT NULL DEFAULT '' COMMENT 'Session ID',
  `created` datetime NOT NULL DEFAULT current_timestamp() COMMENT 'Created date',
  `updated` datetime NOT NULL DEFAULT current_timestamp() COMMENT 'Updated date',
  PRIMARY KEY (`member_id`),
  UNIQUE KEY `username` (`username`)
) ENGINE=InnoDB AUTO_INCREMENT=262 DEFAULT CHARSET=utf8;

-- 테이블 데이터 sb201.mbr_member:~10 rows (대략적) 내보내기
/*!40000 ALTER TABLE `mbr_member` DISABLE KEYS */;
INSERT INTO `mbr_member` (`member_id`, `group_id`, `username`, `email`, `name`, `enabled`, `roles`, `timezone`, `password`, `login_count`, `failed_login_count`, `last_success_login`, `last_failed_login`, `last_read_message`, `last_password_change`, `session_id`, `created`, `updated`) VALUES
	(2, 0, 'won', 'wsan@example.com11', '원석', b'1', 1792, 'Asia/Jakarta', '$2a$10$exFsQbWcjY0sHYUOsoREL.6wSI2UZjUXUCGbcEeOm9XMtk2K9MjE.', 0, 0, '1970-01-01 00:00:00', '1970-01-01 00:00:00', 0, '2020-05-18 07:14:04', '', '2019-05-20 09:08:42', '2020-05-18 07:14:04'),
	(7, 0, 'wsan', 'wsan@example.com', 'WON SEOK AHN1xx', b'1', 1536, 'Asia/Seoul', '$2a$10$AvXuKiGJxOOntO.OCnx0JO7.Vx/rkcPFNEIkwufdjxd.lkqAqGsoS', 0, 0, '1970-01-01 00:00:00', '1970-01-01 00:00:00', 0, '2019-07-24 15:12:07', '', '2019-05-20 05:30:57', '2019-07-24 15:12:07'),
	(241, 0, 'my_name_is', 'devplayg@korean.com', 'DEV Play G', b'1', 1792, 'Asia/Seoul', '$2a$10$kBn4ILcBpagHtPwz8U2Fl.UN.XxyKRJH8N7F5WP9/1PirKwFocW0i', 0, 0, '1970-01-01 00:00:00', '1970-01-01 00:00:00', 0, '2019-08-07 14:45:46', '', '2019-07-20 02:09:09', '2019-08-07 14:45:46'),
	(245, 0, 'won11111', 'devplayg@korea.com', 'DEV Play G', b'1', 1792, 'Asia/Seoul', '$2a$10$Dc81FaN/Tku24QpcbAMNsu/JGcwEvcbcNxH9we8Zgp0toBYG97B0q', 0, 0, '1970-01-01 00:00:00', '1970-01-01 00:00:00', 0, '2019-07-20 14:32:34', '', '2019-07-20 14:32:34', '2019-07-20 14:32:34'),
	(246, 0, 'jisan', 'devplayg@korea.com', '안원', b'1', 1792, 'Asia/Seoul', '$2a$10$90qDUEcwL6A3vqy46geRtu2dqGqsBrs.zkwM9vx55zMyfLbqIoCLq', 0, 0, '1970-01-01 00:00:00', '1970-01-01 00:00:00', 0, '2019-07-21 12:26:04', '', '2019-07-21 12:26:04', '2020-05-18 06:50:20'),
	(247, 0, 'won2', 'devplayg@korea.com', 'DEV Play G', b'1', 1792, 'Asia/Seoul', '$2a$10$ee6MTxD1T0GG/BxGLvuMeOO6RZolu2ZK5btXSHmKSt.3dR/grJxju', 0, 0, '1970-01-01 00:00:00', '1970-01-01 00:00:00', 0, '2019-07-21 13:08:14', '', '2019-07-21 13:08:14', '2019-07-21 13:08:14'),
	(250, 0, 'won123', 'devplayg@korea.com', 'DEV Play G', b'1', 1792, 'Asia/Seoul', '$2a$10$dc4c/7dwfJD4PGBQ6EHKBusGr6eCHeiLRT2gHNCMIDbEDZXSztvEi', 0, 0, '1970-01-01 00:00:00', '1970-01-01 00:00:00', 0, '2019-07-23 15:49:34', '', '2019-07-23 15:49:34', '2019-07-23 15:49:34'),
	(252, 0, 'won12', 'devplayg@korea.com', 'DEV Play G', b'1', 1792, 'Asia/Seoul', '$2a$10$ojMhDB17QDL7UkYW8GoEq.O/u0CqOSHExiEqXvwlV3XeIGPqYnbha', 0, 0, '1970-01-01 00:00:00', '1970-01-01 00:00:00', 0, '2020-05-18 06:50:38', '', '2019-07-24 13:38:03', '2020-05-18 06:50:38'),
	(253, 0, 'wondory1', 'w@a.com', '원석', b'1', 1792, 'Asia/Seoul', '$2a$10$Ir6HEydOAhHIUqFQWAXNVO8P/4Ayjxyi0/Zv6plAnsXxZ.5x2b36O', 0, 0, '1970-01-01 00:00:00', '1970-01-01 00:00:00', 0, NULL, '', '2019-08-07 12:36:06', '2019-08-07 12:36:06'),
	(254, 0, 'awsmile', 'wondory@naver.com', '원석glkgk', b'0', 1792, 'Asia/Seoul', '$2a$10$aR9WZKdgnK844duGA030eOR27Zuk2cZgHmqEr5Nc2h8xA9KLCA0eO', 0, 0, '1970-01-01 00:00:00', '1970-01-01 00:00:00', 0, NULL, '', '2019-08-07 15:00:17', '2020-05-18 06:39:39'),
	(261, 0, 'dsme', 'aaa@a.com', '다인', b'1', 1792, 'Asia/Seoul', '$2a$10$SYf2cd6p6XUmNARyY.TJWeg0nV9Q/tG2nMa28GNzjjCqLkLJBvD7G', 0, 0, '1970-01-01 00:00:00', '1970-01-01 00:00:00', 0, NULL, '', '2020-05-18 07:26:54', '2020-05-18 07:26:54');
/*!40000 ALTER TABLE `mbr_member` ENABLE KEYS */;

-- 테이블 sb201.Members 구조 내보내기
CREATE TABLE IF NOT EXISTS `Members` (
  `id` int(11) NOT NULL AUTO_INCREMENT,
  `name` varchar(50) COLLATE utf8mb4_unicode_ci NOT NULL,
  `age` int(11) NOT NULL,
  PRIMARY KEY (`id`),
  KEY `Members_name` (`name`)
) ENGINE=InnoDB AUTO_INCREMENT=2 DEFAULT CHARSET=utf8mb4 COLLATE=utf8mb4_unicode_ci;

-- 테이블 데이터 sb201.Members:~0 rows (대략적) 내보내기
/*!40000 ALTER TABLE `Members` DISABLE KEYS */;
INSERT INTO `Members` (`id`, `name`, `age`) VALUES
	(1, 'a', 3);
/*!40000 ALTER TABLE `Members` ENABLE KEYS */;

-- 테이블 sb201.msg_message 구조 내보내기
CREATE TABLE IF NOT EXISTS `msg_message` (
  `message_id` bigint(20) NOT NULL AUTO_INCREMENT COMMENT 'Message ID',
  `created` datetime NOT NULL COMMENT 'Created date',
  `receiver_id` bigint(20) NOT NULL COMMENT 'Receiver ID',
  `sender_id` bigint(20) NOT NULL COMMENT 'Sender ID',
  `category` varchar(16) NOT NULL COMMENT 'same as adt_audit''s category',
  `priority` int(11) NOT NULL COMMENT 'Priority',
  `message` varchar(256) NOT NULL COMMENT 'Message',
  `read` bit(1) NOT NULL DEFAULT b'0' COMMENT 'Read',
  `alarm` int(11) NOT NULL DEFAULT 0 COMMENT '0: none, 1: ui, 2: sound',
  `url` varchar(1024) NOT NULL COMMENT 'URL',
  PRIMARY KEY (`message_id`),
  KEY `ix_msgMessage_date_receiverId` (`created`,`receiver_id`),
  KEY `ix_msgMessage_date_receiverId_status` (`created`,`receiver_id`,`read`),
  KEY `fk_log_message_memberId` (`receiver_id`),
  CONSTRAINT `fk_log_message_memberId` FOREIGN KEY (`receiver_id`) REFERENCES `mbr_member` (`member_id`) ON DELETE CASCADE ON UPDATE CASCADE
) ENGINE=InnoDB DEFAULT CHARSET=utf8;

-- 테이블 데이터 sb201.msg_message:~0 rows (대략적) 내보내기
/*!40000 ALTER TABLE `msg_message` DISABLE KEYS */;
/*!40000 ALTER TABLE `msg_message` ENABLE KEYS */;

/*!40101 SET SQL_MODE=IFNULL(@OLD_SQL_MODE, '') */;
/*!40014 SET FOREIGN_KEY_CHECKS=IF(@OLD_FOREIGN_KEY_CHECKS IS NULL, 1, @OLD_FOREIGN_KEY_CHECKS) */;
/*!40101 SET CHARACTER_SET_CLIENT=@OLD_CHARACTER_SET_CLIENT */;
